{
  "project_info": {
    "project_number": "835695402131",
    "firebase_url": "https://atm-app-5e562.firebaseio.com",
    "project_id": "atm-app-5e562",
    "storage_bucket": "atm-app-5e562.appspot.com"
  },
  "client": [
    {
      "client_info": {
        "mobilesdk_app_id": "1:835695402131:android:88f50e0e9cf1f7c8",
        "android_client_info": {
          "package_name": "com.example.bank"
        }
      },
      "oauth_client": [
        {
          "client_id": "835695402131-ovhecmoskf5nt5l2vrb516johed7etp3.apps.googleusercontent.com",
          "client_type": 1,
          "android_info": {
            "package_name": "com.example.bank",
            "certificate_hash": "3e13c075dbfd6d393380c41cae39cd8811a34756"
          }
        },
        {
          "client_id": "835695402131-pr4j4bbggueicg2j1t6697v6tdg19k6o.apps.googleusercontent.com",
          "client_type": 3
        }
      ],
      "api_key": [
        {
          "current_key": "AIzaSyASqOhRUZswyaQeapkYP9Ap-qEbxZc7ifs"
        }
      ],
      "services": {
        "appinvite_service": {
          "other_platform_oauth_client": [
            {
              "client_id": "835695402131-pr4j4bbggueicg2j1t6697v6tdg19k6o.apps.googleusercontent.com",
              "client_type": 3
            }
          ]
        }
      }
    }
  ],
  "configuration_version": "1"
}